﻿<?xml version="1.0" encoding="utf-8"?>
<!-- *
 * This software is distributed in the hope that it will be useful,
 * but is distributed on an "AS IS" BASIS, WITHOUT WARRANTIES OR
 * CONDITIONS OF ANY KIND, without even the implied warranty of
 * MERCHANTABILITY or FITNESS FOR A PARTICULAR PURPOSE.
 *
 * This software may only be used to program products purchased from
 * Analog Devices for incorporation by you into audio products that
 * are intended for resale to audio product end users. This software
 * may not be distributed whole or in any part to third parties.
 *
 * Copyright © 2020 Analog Devices, Inc. All rights reserved.
 */
-->
<!--NetList XML file-->
<NetList>
    <IC name=" IC96 " type="DSPSigma100">
        <Schematic>
            <Algorithm name="ICSigma100In1" friendlyname="170x\140x input" cell=" ">
                <Link pin="O_C0_A0_P5_out" dir="out" link="Link23" />
                <Link pin="O_C0_A0_P6_out" dir="out" link="Link22" />
            </Algorithm>
            <Algorithm name="SwitchAlg1" friendlyname="OnOff 5_23 Output" cell="Switch1 ">
                <Link pin="O_C325_A0_P1_out" dir="out" link="Link32" />
            </Algorithm>
            <Algorithm name="SwitchAlg2" friendlyname="OnOff 5_23 Output" cell="Switch2 ">
                <Link pin="O_C327_A0_P1_out" dir="out" link="Link28" />
            </Algorithm>
            <Algorithm name="SwitchAlg3" friendlyname="OnOff 5_23 Output" cell="Switch3 ">
                <Link pin="O_C333_A0_P1_out" dir="out" link="Link29" />
            </Algorithm>
            <Algorithm name="DCBlockAlgDoublePrec2" friendlyname="DC Blocking" cell="DCB2 ">
                <Link pin="I_C53_A0_P1_in" dir="in" link="Link22" />
                <Link pin="O_C53_A0_P2_out" dir="out" link="Link3" />
            </Algorithm>
            <Algorithm name="DCBlockAlgDoublePrec1" friendlyname="DC Blocking" cell="DCB1 ">
                <Link pin="I_C50_A0_P1_in" dir="in" link="Link23" />
                <Link pin="O_C50_A0_P2_out" dir="out" link="Link2" />
            </Algorithm>
            <Algorithm name="EQ1940Dual1" friendlyname="2 Channel - Double Precision" cell="Gen Filter1 ">
                <Link pin="I_C15_A0_P1_in" dir="in" link="Link2" />
                <Link pin="I_C15_A0_P2_in" dir="in" link="Link3" />
                <Link pin="O_C15_A0_P3_out" dir="out" link="Link0" />
                <Link pin="O_C15_A0_P4_out" dir="out" link="Link1" />
            </Algorithm>
            <Algorithm name="Gain1940AlgNS1" friendlyname="Gain (no slew)" cell="Single 1 ">
                <Link pin="I_C30_A0_P1_in" dir="in" link="Link0" />
                <Link pin="O_C30_A0_P2_out" dir="out" link="Link30" />
            </Algorithm>
            <Algorithm name="Gain1940AlgNS2" friendlyname="Gain (no slew)" cell="Single 2 ">
                <Link pin="I_C33_A0_P1_in" dir="in" link="Link1" />
                <Link pin="O_C33_A0_P2_out" dir="out" link="Link31" />
            </Algorithm>
            <Algorithm name="EQ1940Single1" friendlyname="1 Channel - Double Precision" cell="Gen Filter2 ">
                <Link pin="I_C72_A0_P1_in" dir="in" link="Link30" />
                <Link pin="O_C72_A0_P2_out" dir="out" link="Link6" />
            </Algorithm>
            <Algorithm name="EQ1940Single2" friendlyname="1 Channel - Double Precision" cell="Gen Filter2_2 ">
                <Link pin="I_C79_A0_P1_in" dir="in" link="Link31" />
                <Link pin="O_C79_A0_P2_out" dir="out" link="Link7" />
            </Algorithm>
            <Algorithm name="PEQ1Chan1" friendlyname="PEQ1Chan - Double Precision" cell="Param EQ1 ">
                <Link pin="I_C23_A0_P1_in" dir="in" link="Link6" />
                <Link pin="O_C23_A0_P2_out" dir="out" link="Link4" />
            </Algorithm>
            <Algorithm name="PEQ1Chan2" friendlyname="PEQ1Chan - Double Precision" cell="Param EQ1_2 ">
                <Link pin="I_C26_A0_P1_in" dir="in" link="Link7" />
                <Link pin="O_C26_A0_P2_out" dir="out" link="Link5" />
            </Algorithm>
            <Algorithm name="PEQ1Chan3" friendlyname="PEQ1Chan - Double Precision" cell="Param EQ1_3 ">
                <Link pin="I_C41_A0_P1_in" dir="in" link="Link4" />
                <Link pin="O_C41_A0_P2_out" dir="out" link="Link8" />
            </Algorithm>
            <Algorithm name="PEQ1Chan4" friendlyname="PEQ1Chan - Double Precision" cell="Param EQ1_4 ">
                <Link pin="I_C65_A0_P1_in" dir="in" link="Link5" />
                <Link pin="O_C65_A0_P2_out" dir="out" link="Link9" />
            </Algorithm>
            <Algorithm name="EQ1940Single3" friendlyname="1 Channel - Double Precision" cell="Gen Filter2_3 ">
                <Link pin="I_C86_A0_P1_in" dir="in" link="Link8" />
                <Link pin="O_C86_A0_P2_out" dir="out" link="Link10" />
            </Algorithm>
            <Algorithm name="EQ1940Single4" friendlyname="1 Channel - Double Precision" cell="Gen Filter2_4 ">
                <Link pin="I_C89_A0_P1_in" dir="in" link="Link9" />
                <Link pin="O_C89_A0_P2_out" dir="out" link="Link12" />
            </Algorithm>
            <Algorithm name="IndexDemuxAlg2" friendlyname="Mono Demux (unselected outputs 0)" cell="DmX1_2 ">
                <Link pin="I_C127_A0_P1_in" dir="in" link="Link32" />
                <Link pin="I_C127_A0_P2_in" dir="in" link="Link12" />
                <Link pin="O_C127_A0_P3_out" dir="out" link="Link13" />
                <Link pin="O_C127_A0_P4_out" dir="out" link="Link25" />
            </Algorithm>
            <Algorithm name="IndexDemuxAlg1" friendlyname="Mono Demux (unselected outputs 0)" cell="DmX1 ">
                <Link pin="I_C109_A0_P1_in" dir="in" link="Link32" />
                <Link pin="I_C109_A0_P2_in" dir="in" link="Link10" />
                <Link pin="O_C109_A0_P3_out" dir="out" link="Link11" />
                <Link pin="O_C109_A0_P4_out" dir="out" link="Link24" />
            </Algorithm>
            <Algorithm name="MultCtrlDelGrowAlg1" friendlyname="Del_Grow" cell="Delay1 ">
                <Link pin="I_C146_A0_P1_in" dir="in" link="Link25" />
                <Link pin="O_C146_A0_P2_out" dir="out" link="Link14" />
            </Algorithm>
            <Algorithm name="MultCtrlDelGrowAlg2" friendlyname="Del_Grow" cell="Delay1_2 ">
                <Link pin="I_C149_A0_P1_in" dir="in" link="Link24" />
                <Link pin="O_C149_A0_P2_out" dir="out" link="Link15" />
            </Algorithm>
            <Algorithm name="ICSigma100Out3" friendlyname="170x\140x output" cell="Output2 ">
                <Link pin="I_C22_A0_P1_in" dir="in" link="Link24" />
            </Algorithm>
            <Algorithm name="TwoChanXMixer1940Alg1" friendlyname="2 Channel X Mixer" cell="2XMixer1 ">
                <Link pin="I_C166_A0_P1_in" dir="in" link="Link24" />
                <Link pin="I_C166_A0_P2_in" dir="in" link="Link14" />
                <Link pin="O_C166_A0_P3_out" dir="out" link="Link16" />
            </Algorithm>
            <Algorithm name="TwoChanXMixer1940Alg2" friendlyname="2 Channel X Mixer" cell="2XMixer2 ">
                <Link pin="I_C170_A0_P1_in" dir="in" link="Link25" />
                <Link pin="I_C170_A0_P2_in" dir="in" link="Link15" />
                <Link pin="O_C170_A0_P3_out" dir="out" link="Link17" />
            </Algorithm>
            <Algorithm name="DCinputmuxAlgSlew2" friendlyname="Mono Slew" cell="Slew Mux1_2 ">
                <Link pin="I_C120_A0_P2_in" dir="in" link="Link28" />
                <Link pin="I_C120_A0_P3_in" dir="in" link="Link13" />
                <Link pin="I_C120_A0_P4_in" dir="in" link="Link17" />
                <Link pin="O_C120_A0_P1_out" dir="out" link="Link26" />
            </Algorithm>
            <Algorithm name="DCinputmuxAlgSlew1" friendlyname="Mono Slew" cell="Slew Mux1 ">
                <Link pin="I_C104_A0_P2_in" dir="in" link="Link28" />
                <Link pin="I_C104_A0_P3_in" dir="in" link="Link11" />
                <Link pin="I_C104_A0_P4_in" dir="in" link="Link16" />
                <Link pin="O_C104_A0_P1_out" dir="out" link="Link27" />
            </Algorithm>
            <Algorithm name="PhatStereoAlg19401" friendlyname="Phat Stereo" cell="Phat-Stereo1 ">
                <Link pin="I_C136_A0_P1_in" dir="in" link="Link27" />
                <Link pin="I_C136_A0_P2_in" dir="in" link="Link26" />
                <Link pin="O_C136_A0_P3_out" dir="out" link="Link18" />
                <Link pin="O_C136_A0_P4_out" dir="out" link="Link19" />
            </Algorithm>
            <Algorithm name="DCinputmuxAlgSlew3" friendlyname="Mono Slew" cell="Slew Mux1_3 ">
                <Link pin="I_C197_A0_P2_in" dir="in" link="Link29" />
                <Link pin="I_C197_A0_P3_in" dir="in" link="Link27" />
                <Link pin="I_C197_A0_P4_in" dir="in" link="Link18" />
                <Link pin="O_C197_A0_P1_out" dir="out" link="Link20" />
            </Algorithm>
            <Algorithm name="DCinputmuxAlgSlew4" friendlyname="Mono Slew" cell="Slew Mux1_4 ">
                <Link pin="I_C202_A0_P2_in" dir="in" link="Link29" />
                <Link pin="I_C202_A0_P3_in" dir="in" link="Link26" />
                <Link pin="I_C202_A0_P4_in" dir="in" link="Link19" />
                <Link pin="O_C202_A0_P1_out" dir="out" link="Link21" />
            </Algorithm>
            <Algorithm name="ICSigma100Out1" friendlyname="170x\140x output" cell="Output1 ">
                <Link pin="I_C11_A0_P1_in" dir="in" link="Link20" />
            </Algorithm>
            <Algorithm name="ICSigma100Out2" friendlyname="170x\140x output" cell=" ">
                <Link pin="I_C13_A0_P1_in" dir="in" link="Link21" />
            </Algorithm>
        </Schematic>
    </IC>
</NetList>